permalink,collection,id,loc,uuid,artist,year,location,description,imageLink
https://digitalcollections.nypl.org/items/510d47de-7bac-a3d9-e040-e00a18064a99,Schomburg Center for Research in Black Culture,1206642,,acecac60-c6ed-012f-610a-58d385a7bc34,"Miller, Kelly",1914-1918,Washington D.C.,Woman smiles while pushing a wheelbarrow of wood,https://images.nypl.org/index.php?id=1206642&t=w
https://digitalcollections.nypl.org/items/510d47df-f8bb-a3d9-e040-e00a18064a99,Schomburg Center for Research in Black Culture,1260019,,0b8d5580-c613-012f-a285-58d385a7bc34,"Mydans, Carl",1935,Washington D.C.,Woman pumps water from slum well,https://images.nypl.org/index.php?id=1260019&t=w
https://digitalcollections.nypl.org/items/75ece515-a29d-388d-e040-e00a180601f1,Schomburg Center for Research in Black Culture,1800851,,df37bc10-c6e8-012f-9d24-3c075448cc4b,"Grossman, Sid",1939,"W. 125th and 8th, Harlem, New York",Woman crossing street in Harlem,https://images.nypl.org/index.php?id=1800851&t=w
https://digitalcollections.nypl.org/items/8fbb4d50-461d-0134-7795-00505686a51c,Schomburg Center for Research in Black Culture,56806338,,b8eee320-1ab6-0134-f291-00505686a51c,,1937,"Harlem, New York",Woman passes Harlem dry cleaners,https://images.nypl.org/index.php?id=56806338&t=w
https://digitalcollections.nypl.org/items/7e2d3c79-994e-d1b2-e040-e00a18064cca,Schomburg Center for Research in Black Culture,1818757,,93a77360-c6ce-012f-0f1d-58d385a7bc34,,1938,"Lincoln School for Nurses, New York",Two nurses change a patient's dressings,https://images.nypl.org/index.php?id=1818757&t=w
https://digitalcollections.nypl.org/items/7e2d3c79-9950-d1b2-e040-e00a18064cca,Schomburg Center for Research in Black Culture,1818759,,94228c00-c6ce-012f-0278-58d385a7bc34,"Staudinger Rozaffy, R.",1939,"Lincoln School for Nurses, New York",Three nurses exit building,https://images.nypl.org/index.php?id=1818759&t=w
https://digitalcollections.nypl.org/items/7e2d3c79-9944-d1b2-e040-e00a18064cca,Schomburg Center for Research in Black Culture,1818747,,9148f820-c6ce-012f-d4ff-58d385a7bc34,,1959,"Lincoln School for Nurses, New York",Nursing students sitting on steps of Lincoln School,https://images.nypl.org/index.php?id=1818747&t=w
https://digitalcollections.nypl.org/items/510d47df-f88c-a3d9-e040-e00a18064a99,Schomburg Center for Research in Black Culture,1259992,,919ab9d0-c612-012f-e31b-58d385a7bc34,"Wolcott, Marion Post",1941,"Okeechobee Camp, Belle Glade, Florida",Woman with children washing food by water pump,https://images.nypl.org/index.php?id=1259992&t=w
https://digitalcollections.nypl.org/items/510d47de-8431-a3d9-e040-e00a18064a99,Schomburg Center for Research in Black Culture,1213442,,3ea0a8b0-c6d1-012f-001d-58d385a7bc34,"Smith, Roger",1939-1945,,Woman grocery shops with her children,https://images.nypl.org/index.php?id=1213442&t=w
https://digitalcollections.nypl.org/items/b6e69fe8-7bf8-05aa-e040-e00a18062cd5,Schomburg Center for Research in Black Culture,3990809,,345003e0-c62a-012f-ff6f-58d385a7bc34,,,"Harlem, New York",Family visits Park Avenue Market in Harlem,https://images.nypl.org/index.php?id=3990809&t=w
https://digitalcollections.nypl.org/items/510d47df-f9fb-a3d9-e040-e00a18064a99,Schomburg Center for Research in Black Culture,1260330,,b9e86aa0-c645-012f-68b6-58d385a7bc34,,1946,"Staten Island, New York",6888th Women's Army Corp arrive in New York from Europe,https://images.nypl.org/index.php?id=1260330&t=w
https://digitalcollections.nypl.org/items/510d47df-fa3e-a3d9-e040-e00a18064a99,Schomburg Center for Research in Black Culture,1260396,,388e6340-c6d1-012f-3f18-58d385a7bc34,"Smith, Roger",1939-1945,"Rose Garden, Botanical Gardens, Washington D.C.",Women landscaping Botanical Gardens,https://images.nypl.org/index.php?id=1260396&t=w
https://digitalcollections.nypl.org/items/510d47df-f8b9-a3d9-e040-e00a18064a99,Schomburg Center for Research in Black Culture,1260017,,097578a0-c613-012f-a5a3-58d385a7bc34,"Collins, Marjory",1939-1945,"Potomac Park, Washington D.C.",Woman and girls cycle through Potomac Park,https://images.nypl.org/index.php?id=1260017&t=w
https://digitalcollections.nypl.org/items/85108dd0-461d-0134-09ad-00505686a51c,Schomburg Center for Research in Black Culture,56806324,,22d46120-13cf-0134-cb11-00505686a51c,,1935-1939,"Harlem, New York",Women sitting in front of an empty store in Harlem,https://images.nypl.org/index.php?id=56806324&t=w
https://digitalcollections.nypl.org/items/c1fcc19f-33b5-c09d-e040-e00a18061e66,Schomburg Center for Research in Black Culture,4042602,,7f724b90-c5f2-012f-7f0c-58d385a7bc34,"Roberts, G. Walter",1890-1899,,Woman dressed in men's clothing,https://images.nypl.org/index.php?id=4042602&t=w
https://digitalcollections.nypl.org/items/510d47de-1d45-a3d9-e040-e00a18064a99,Schomburg Center for Research in Black Culture,1169404,,9276af80-c6b3-012f-8e67-3c075448cc4b,"Olcott, Jane",1914-1918,"New York, New York",Group of girls practicing Reserve drills,https://images.nypl.org/index.php?id=1169404&t=w
https://digitalcollections.nypl.org/items/510d47de-1d41-a3d9-e040-e00a18064a99,Schomburg Center for Research in Black Culture,1169400,,86509440-c6b3-012f-1a8c-3c075448cc4b,"Olcott, Jane",1914-1918,"New York, New York",Woman poses while playing tennis,https://images.nypl.org/index.php?id=1169400&t=w
https://digitalcollections.nypl.org/items/510d47dd-e887-a3d9-e040-e00a18064a99,Schomburg Center for Research in Black Culture,1240248,,271673d0-c62a-012f-c3b2-58d385a7bc34,"Fuller, Thomas Oscar",1910,"Nashville, Tennessee",Members of Women's Bible Training Class pose for portrait,https://images.nypl.org/index.php?id=1240248&t=w
https://digitalcollections.nypl.org/items/926d9ec0-9f93-0134-a6c2-00505686a51c,Schomburg Center for Research in Black Culture,56997665,,fe4b89c0-9ba4-0134-eb49-00505686a51c,,1916,"New York, New York",Group Portrait Lincoln School for Nurses,https://images.nypl.org/index.php?id=56997665&t=w
https://digitalcollections.nypl.org/items/510d47de-1d0f-a3d9-e040-e00a18064a99,Schomburg Center for Research in Black Culture,1168490,,3b71aa70-c6ba-012f-84d2-3c075448cc4b,,1905,"New York, New York",Woman and ten children standing on stoop of apartment,https://images.nypl.org/index.php?id=1168490&t=w
https://digitalcollections.nypl.org/items/510d47df-1ef2-a3d9-e040-e00a18064a99,Schomburg Center for Research in Black Culture,1217218,,fbd008b0-c6f3-012f-88bd-58d385a7bc34,Chicago Commission on Race Relations,1922,"Chicago, Illinois",Woman holding infant and milk bottle,https://images.nypl.org/index.php?id=1217218&t=w
https://digitalcollections.nypl.org/items/510d47de-8175-a3d9-e040-e00a18064a99,Schomburg Center for Research in Black Culture,1211916,,86005380-c612-012f-3b53-58d385a7bc34,"Lange, Dorothea",1937,"Memphis, Tennessee",Women traveling from Tennessee to Arkansas,https://images.nypl.org/index.php?id=1211916&t=w
https://digitalcollections.nypl.org/items/510d47de-7bdd-a3d9-e040-e00a18064a99,Schomburg Center for Research in Black Culture,1206691,,bf73d3b0-c6ed-012f-973c-58d385a7bc34,"Miller, Kelly",1914-1918,Washington D.C.,Portrait of women employed by the Navy,https://images.nypl.org/index.php?id=1206691&t=w
https://digitalcollections.nypl.org/items/510d47dd-df8d-a3d9-e040-e00a18064a99,Schomburg Center for Research in Black Culture,1121215,,5c3770f0-c617-012f-b50a-58d385a7bc34,"Whipple, Phila M.",1907,Boston,Family posing outside their cabin home,https://images.nypl.org/index.php?id=1121215&t=w
https://digitalcollections.nypl.org/items/510d47df-fa22-a3d9-e040-e00a18064a99,Schomburg Center for Research in Black Culture,1260373,,1d520180-c6be-012f-bf75-58d385a7bc34,Leonard,1937,"Freedman's Hospital, Washington D.C.",Student preparing surgical dressings,https://images.nypl.org/index.php?id=1260373&t=w
https://digitalcollections.nypl.org/items/510d47df-fa45-a3d9-e040-e00a18064a99,Schomburg Center for Research in Black Culture,1260399,,3915beb0-c6d1-012f-f033-58d385a7bc34,"Smith, Roger",1939-1945,Washington D.C.,War industry training for public school woman,https://images.nypl.org/index.php?id=1260399&t=w
https://digitalcollections.nypl.org/items/510d47df-f992-a3d9-e040-e00a18064a99,Schomburg Center for Research in Black Culture,1260226,,a7095240-c612-012f-12b2-58d385a7bc34,"Lee, Russell",1940-1949,"Chicago, Illinois","Woman reading bible in Store Front Baptist church, Chicago",https://images.nypl.org/index.php?id=1260226&t=w
https://digitalcollections.nypl.org/items/510d47df-fa1b-a3d9-e040-e00a18064a99,Schomburg Center for Research in Black Culture,1260367,,1aabcb00-c6be-012f-b609-58d385a7bc34,,1935-1943,"Brooklyn, New York",Woman working at Brooklyn Work Experience Center,https://images.nypl.org/index.php?id=1260367&t=w
https://digitalcollections.nypl.org/items/510d47df-fa3f-a3d9-e040-e00a18064a99,Schomburg Center for Research in Black Culture,1260397,,362e0040-c6d1-012f-a9ee-58d385a7bc34,"Joseph, E.F.",1943,"Kaiser Shipyards, Richmond, California",Industrial worker building SS George Washington Carver,https://images.nypl.org/index.php?id=1260397&t=w
https://digitalcollections.nypl.org/items/510d47df-fa43-a3d9-e040-e00a18064a99,Schomburg Center for Research in Black Culture,1260392,,1f523b30-c6be-012f-3d1f-58d385a7bc34,,1939-1950,"Brooklyn, New York",Young woman working at Brooklyn Work Experience Center,https://images.nypl.org/index.php?id=1260392&t=w
https://digitalcollections.nypl.org/items/510d47df-fa41-a3d9-e040-e00a18064a99,Schomburg Center for Research in Black Culture,1260391,,1eeb10a0-c6be-012f-58dd-58d385a7bc34,,1939-1950,,Young woman metalworking,https://images.nypl.org/index.php?id=1260391&t=w
https://digitalcollections.nypl.org/items/510d47de-8410-a3d9-e040-e00a18064a99,Schomburg Center for Research in Black Culture,1212151,,24641520-c6d1-012f-59b4-58d385a7bc34,,,"Richmond, California",Woman icing cake for domestic employer employer,https://images.nypl.org/index.php?id=1212151&t=w
https://digitalcollections.nypl.org/items/510d47df-a082-a3d9-e040-e00a18064a99,Schomburg Center for Research in Black Culture,1232074,,037643c0-c6bc-012f-0577-58d385a7bc34,,1908,"Atlanta, Georgia",Woman working as a typesetter in Atlanta,https://images.nypl.org/index.php?id=1232074&t=w
https://digitalcollections.nypl.org/items/510d47df-fa33-a3d9-e040-e00a18064a99,Schomburg Center for Research in Black Culture,1260383,,23acdbc0-c6be-012f-2e36-58d385a7bc34,,1939,"Mercy Hospital, New York",Young woman typing at Mercy Hospital,https://images.nypl.org/index.php?id=1260383&t=w
https://digitalcollections.nypl.org/items/510d47df-fa4d-a3d9-e040-e00a18064a99,Schomburg Center for Research in Black Culture,1260404,,3cbdaf50-c6d1-012f-fe3f-58d385a7bc34,"Liberman, Howard",1942,"Philadelphia, Pensylvania",Woman sews army jackets,https://images.nypl.org/index.php?id=1260404&t=w
https://digitalcollections.nypl.org/items/510d47df-fa18-a3d9-e040-e00a18064a99,Schomburg Center for Research in Black Culture,1260364,,18f4e240-c6be-012f-5ce3-58d385a7bc34,,1926-1950,"New York, New York",Woman performing Kline tests at Bureau of Social Hygiene,https://images.nypl.org/index.php?id=1260364&t=w
https://digitalcollections.nypl.org/items/6bdb1562-8189-8f7e-e040-e00a18067399,Schomburg Center for Research in Black Culture,1702766,,3fec47b0-c6d1-012f-1ef7-58d385a7bc34,,1930-1945,,Woman cleaning Civil Office building,https://images.nypl.org/index.php?id=1702766&t=w
https://digitalcollections.nypl.org/items/510d47df-fa25-a3d9-e040-e00a18064a99,Schomburg Center for Research in Black Culture,1260376,,20cce780-c6be-012f-e956-58d385a7bc34,,1935-1943,"New York, New York",Woman pouring coffee,https://images.nypl.org/index.php?id=1260376&t=w
https://digitalcollections.nypl.org/items/510d47de-1ca9-a3d9-e040-e00a18064a99,Schomburg Center for Research in Black Culture,1168373,,425dec40-c6e7-012f-dd02-3c075448cc4b,,1902,"St. Louis, Missouri","Home Economics class at Summer High School, St. Louis",https://images.nypl.org/index.php?id=1168373&t=w
https://digitalcollections.nypl.org/items/7e2d3c79-994a-d1b2-e040-e00a18064cca,Schomburg Center for Research in Black Culture,1818753,,92ba9260-c6ce-012f-6cf2-58d385a7bc34,,1914,"Lincoln School for Nurses, New York",Nursing students in Lincoln lounge,https://images.nypl.org/index.php?id=1818753&t=w
https://digitalcollections.nypl.org/items/7e2d3c79-9941-d1b2-e040-e00a18064cca,Schomburg Center for Research in Black Culture,1818744,,908f84d0-c6ce-012f-706e-58d385a7bc34,,1929,"Lincoln School for Nurses, New York",Five nursing students in laboratory,https://images.nypl.org/index.php?id=1818744&t=w
https://digitalcollections.nypl.org/items/7e2d3c79-994c-d1b2-e040-e00a18064cca,Schomburg Center for Research in Black Culture,1818755,,932cecf0-c6ce-012f-29d0-58d385a7bc34,,1931,"Lincoln School for Nurses, New York",Nursing students in Science laboratory,https://images.nypl.org/index.php?id=1818755&t=w
https://digitalcollections.nypl.org/items/7e2d3c79-994b-d1b2-e040-e00a18064cca,Schomburg Center for Research in Black Culture,1818754,,92f68f20-c6ce-012f-eaf0-58d385a7bc34,,1931,"Lincoln School for Nurses, New York",Nursing students in Lincoln library,https://images.nypl.org/index.php?id=1818754&t=w
https://digitalcollections.nypl.org/items/7e2d3c79-994d-d1b2-e040-e00a18064cca,Schomburg Center for Research in Black Culture,1818756,,93712fa0-c6ce-012f-e77d-58d385a7bc34,,1938,"Lincoln School for Nurses, New York",Nursing students in Lincoln library,https://images.nypl.org/index.php?id=1818756&t=w
https://digitalcollections.nypl.org/items/510d47df-fa60-a3d9-e040-e00a18064a99,Schomburg Center for Research in Black Culture,1260413,,9ee93e70-c6b2-012f-587f-58d385a7bc34,"Liberman, Howard",1942,"Roanoke, Virginia",Teacher educating children on war-time scrap collection,https://images.nypl.org/index.php?id=1260413&t=w
https://digitalcollections.nypl.org/items/7e2d3c79-9951-d1b2-e040-e00a18064cca,Schomburg Center for Research in Black Culture,1818760,,946f4680-c6ce-012f-a71e-58d385a7bc34,,1960-1960,"Lincoln School for Nurses, New York",Annual Lincoln School Luncheon,https://images.nypl.org/index.php?id=1818760&t=w
https://digitalcollections.nypl.org/items/510d47dd-c69e-a3d9-e040-e00a18064a99,Schomburg Center for Research in Black Culture,1206635,,36a3bde0-c6d1-012f-1fc8-58d385a7bc34,"Joseph, E.F.",1943,"Kaiser Shipyards, Richmond, California",Industrial workers building SS George Washington Carver,https://images.nypl.org/index.php?id=1206635&t=w
https://digitalcollections.nypl.org/items/510d47df-f98e-a3d9-e040-e00a18064a99,Schomburg Center for Research in Black Culture,1260222,,a513b4e0-c612-012f-cd26-58d385a7bc34,"Lee, Russell",1950-1959,"Good Shepard Community Center, Chicago, Illinois",Women of the National Youth Adminstration meet in Chicago,https://images.nypl.org/index.php?id=1260222&t=w
https://digitalcollections.nypl.org/items/510d47df-fa4e-a3d9-e040-e00a18064a99,Schomburg Center for Research in Black Culture,1260405,,3724ad80-c6d1-012f-e685-58d385a7bc34,"Joseph, E.F.",1943,"Kaiser Shipyards, Richmond, California",Industrial workers building SS George Washington Carver,https://images.nypl.org/index.php?id=1260405&t=w
https://digitalcollections.nypl.org/items/510d47df-fa3a-a3d9-e040-e00a18064a99,Schomburg Center for Research in Black Culture,1260387,,1b1bfd40-c6be-012f-8075-58d385a7bc34,,1940-1949,,Young woman demonstrates tool operations,https://images.nypl.org/index.php?id=1260387&t=w
https://digitalcollections.nypl.org/items/510d47df-1f1a-a3d9-e040-e00a18064a99,Schomburg Center for Research in Black Culture,1217255,,0ad98790-c6f4-012f-2902-58d385a7bc34,Chicago Commission on Race Relations,1922,"Chicago, Illinois",Women working machinery in apron factory,https://images.nypl.org/index.php?id=1217255&t=w
https://digitalcollections.nypl.org/items/510d47df-f8b0-a3d9-e040-e00a18064a99,Schomburg Center for Research in Black Culture,1260020,,0609f6e0-c613-012f-46ae-58d385a7bc34,"Rothstein, Arthur",1937,Washington D.C.,Woman and child in slum kitchen,https://images.nypl.org/index.php?id=1260020&t=w
https://digitalcollections.nypl.org/items/510d47df-f90f-a3d9-e040-e00a18064a99,Schomburg Center for Research in Black Culture,1260095,,a181cf30-c612-012f-e613-58d385a7bc34,"Wolcott, Marion Post",1939,"Atlanta, Georgia",Woman working as nanny feeds child,https://images.nypl.org/index.php?id=1260095&t=w
https://digitalcollections.nypl.org/items/510d47df-f906-a3d9-e040-e00a18064a99,Schomburg Center for Research in Black Culture,1260085,,00431050-c613-012f-5a9f-58d385a7bc34,"Vachon, John",1940,"Norfolk, Virginia",Woman and children in their Virginia home,https://images.nypl.org/index.php?id=1260085&t=w
https://digitalcollections.nypl.org/items/510d47de-8176-a3d9-e040-e00a18064a99,Schomburg Center for Research in Black Culture,1211917,,aa933840-c612-012f-53e8-58d385a7bc34,"Lee, Russell",1941,"Chicago, Illinois",Woman and children in Chicago apartment,https://images.nypl.org/index.php?id=1211917&t=w
https://digitalcollections.nypl.org/items/510d47df-fa49-a3d9-e040-e00a18064a99,Schomburg Center for Research in Black Culture,1260394,,2127b3a0-c6be-012f-bba4-58d385a7bc34,,1930-1959,"Long Island, New York",Women operate a food mixer,https://images.nypl.org/index.php?id=1260394&t=w
https://digitalcollections.nypl.org/items/510d47de-1ce2-a3d9-e040-e00a18064a99,Schomburg Center for Research in Black Culture,1210426,,334c31f0-c6bb-012f-a2ec-3c075448cc4b,"Washington, Booker T.",1906,"Tuskegee, Alabama",Millinery class at Tuskegee Institute,https://images.nypl.org/index.php?id=1210426&t=w
https://digitalcollections.nypl.org/items/510d47df-1f1b-a3d9-e040-e00a18064a99,Schomburg Center for Research in Black Culture,1217256,,0b43ccf0-c6f4-012f-7162-58d385a7bc34,Chicago Commission on Race Relations,1922,"Chicago, Illinois",Women and girls working in a milliner factory,https://images.nypl.org/index.php?id=1217256&t=w
https://digitalcollections.nypl.org/items/510d47df-1f19-a3d9-e040-e00a18064a99,Schomburg Center for Research in Black Culture,1217254,,0a656cc0-c6f4-012f-4f02-58d385a7bc34,Chicago Commission on Race Relations,1922,"Chicago, Illinois",Women and girls working in lampshade factory,https://images.nypl.org/index.php?id=1217254&t=w
https://digitalcollections.nypl.org/items/84cbff90-a7ca-0131-6533-58d385a7b928,Schomburg Center for Research in Black Culture,5114784,,6d16f100-997d-0131-f800-58d385a7b928,,1954,"Brooklyn, New York",Women wait for the Miss Rheingold pageant contestants,https://images.nypl.org/index.php?id=5114784&t=w
https://digitalcollections.nypl.org/items/510d47de-1d44-a3d9-e040-e00a18064a99,Schomburg Center for Research in Black Culture,1169403,,8f86d270-c6b3-012f-0390-3c075448cc4b,"Olcott, Jane",1914-1918,"New York, New York",Women working in a garment factory during WWI,https://images.nypl.org/index.php?id=1169403&t=w
https://digitalcollections.nypl.org/items/510d47df-fa48-a3d9-e040-e00a18064a99,Schomburg Center for Research in Black Culture,1260393,,1fbe4430-c6be-012f-23e9-58d385a7bc34,,1920-1939,"Chicago, Illinois","Women work as Clerks at South Parkway Y.W.C.A., Chicago",https://images.nypl.org/index.php?id=1260393&t=w
https://digitalcollections.nypl.org/items/510d47df-fa1c-a3d9-e040-e00a18064a99,Schomburg Center for Research in Black Culture,1260368,,1b821cb0-c6be-012f-638a-58d385a7bc34,"Eagle, Arnold",1935-1943,"Astoria, New York",Women sewing at Astoria Work Experience Center,https://images.nypl.org/index.php?id=1260368&t=w
https://digitalcollections.nypl.org/items/510d47df-fa19-a3d9-e040-e00a18064a99,Schomburg Center for Research in Black Culture,1260366,,1a2338e0-c6be-012f-bf35-58d385a7bc34,,1935-1943,"Astoria, New York",Woman supervising sewing,https://images.nypl.org/index.php?id=1260366&t=w
https://digitalcollections.nypl.org/items/510d47df-fa28-a3d9-e040-e00a18064a99,Schomburg Center for Research in Black Culture,1260378,,21ea5a70-c6be-012f-99f7-58d385a7bc34,"Eagle, Arnold",1935-1943,"New York, New York",Three women at radio workshop,https://images.nypl.org/index.php?id=1260378&t=w
https://digitalcollections.nypl.org/items/510d47df-fa21-a3d9-e040-e00a18064a99,Schomburg Center for Research in Black Culture,1260372,,1cf298b0-c6be-012f-ea03-58d385a7bc34,,1935-1943,,Nurses' aid feeds infant,https://images.nypl.org/index.php?id=1260372&t=w
https://digitalcollections.nypl.org/items/510d47df-fa1e-a3d9-e040-e00a18064a99,Schomburg Center for Research in Black Culture,1260369,,bd7b9a0-c6be-012f-13bb-58d385a7bc34,,1935-1943,"Astoria, New York",Women sewing at Astoria Work Experience Center,https://images.nypl.org/index.php?id=1260369&t=w
https://digitalcollections.nypl.org/items/510d47de-8413-a3d9-e040-e00a18064a99,Schomburg Center for Research in Black Culture,1213443,,3d439de0-c6d1-012f-9d22-58d385a7bc34,United States Army Signal Corp.,1939-1945,"Jersey City, New Jersey",Women in the Repair Depot repair military clothing,https://images.nypl.org/index.php?id=1213443&t=w
https://digitalcollections.nypl.org/items/510d47df-f990-a3d9-e040-e00a18064a99,Schomburg Center for Research in Black Culture,1260224,,a60329d0-c612-012f-d814-58d385a7bc34,"Lee, Russell",1940-1949,"Chicago, Illinois",Women working as insurance clerks,https://images.nypl.org/index.php?id=1260224&t=w
https://digitalcollections.nypl.org/items/510d47de-8728-a3d9-e040-e00a18064a99,Schomburg Center for Research in Black Culture,1212143,,aa1fc610-c612-012f-447c-58d385a7bc34,"Lee, Russell",1941,"Chicago, Illinois","Congregation of Store Front Baptist Church, Chicago",https://images.nypl.org/index.php?id=1212143&t=w
https://digitalcollections.nypl.org/items/79c17ca1-7a0b-103e-e040-e00a18067ff9,Schomburg Center for Research in Black Culture,1806595,,d5b40110-c628-012f-32ce-58d385a7bc34,"Holt, Norma",1953,"State Board of Pardons and Parole, Georgie",Women await Rosa Lee's parole hearing in Georgia,https://images.nypl.org/index.php?id=1806595&t=w
https://digitalcollections.nypl.org/items/7b07ea5c-6223-6b59-e040-e00a18065a4d,Schomburg Center for Research in Black Culture,1811321,,303a6f20-c62a-012f-6e74-58d385a7bc34,,1920-1929,,Group of Women sit at Restaurant counter,https://images.nypl.org/index.php?id=1811321&t=w
https://digitalcollections.nypl.org/items/510d47de-1d46-a3d9-e040-e00a18064a99,Schomburg Center for Research in Black Culture,1169405,,9b707e10-c6b3-012f-8190-3c075448cc4b,"Olcott, Jane",1914-1918,"New York, New York",Group of women leisurely reading,https://images.nypl.org/index.php?id=1169405&t=w
https://digitalcollections.nypl.org/items/510d47df-f98f-a3d9-e040-e00a18064a99,Schomburg Center for Research in Black Culture,1260223,,a5850260-c612-012f-c3eb-58d385a7bc34,"Lee, Russell",1950-1959,"Chicago, Illinois",Young women play violin and piano,https://images.nypl.org/index.php?id=1260223&t=w
https://digitalcollections.nypl.org/items/510d47de-842f-a3d9-e040-e00a18064a99,Schomburg Center for Research in Black Culture,1213441,,3b722300-c6d1-012f-7aba-58d385a7bc34,"Smith, Roger",1942-1943,"Lucy D. Slowe Residence Hall, Washington D.C.",Women play cards in their residence,https://images.nypl.org/index.php?id=1213441&t=w
https://digitalcollections.nypl.org/items/510d47de-1d43-a3d9-e040-e00a18064a99,Schomburg Center for Research in Black Culture,1169402,,8c790dd0-c6b3-012f-f157-3c075448cc4b,"Olcott, Jane",1914-1918,"New York, New York",Women in pottery class,https://images.nypl.org/index.php?id=1169402&t=w
https://digitalcollections.nypl.org/items/510d47de-8729-a3d9-e040-e00a18064a99,Schomburg Center for Research in Black Culture,1212144,,ab1f1840-c612-012f-3660-58d385a7bc34,"Lee, Russell",1941,"South Side Chicago, Illinois",Woman launders clothes in Chicago apartment,https://images.nypl.org/index.php?id=1212144&t=w
https://digitalcollections.nypl.org/items/510d47df-1f2d-a3d9-e040-e00a18064a99,Schomburg Center for Research in Black Culture,1216585,,78009f80-c6da-012f-cf07-3c075448cc4b,,1916,"Philadelphia, Pensylvania",Portrait of a high school teacher wearing broach and hair comb,https://images.nypl.org/index.php?id=1216585&t=w
https://digitalcollections.nypl.org/items/510d47de-1ce8-a3d9-e040-e00a18064a99,Schomburg Center for Research in Black Culture,1210432,,454b6580-c6bb-012f-95b5-3c075448cc4b,"Washington, Booker T.",1906,"Tuskegee, Alabama",Woman from Tuskegee Institute demonstrates how to set a table,https://images.nypl.org/index.php?id=1210432&t=w
https://digitalcollections.nypl.org/items/510d47e2-ed3e-a3d9-e040-e00a18064a99,Schomburg Center for Research in Black Culture,05schaw,,6f6c7a20-c6b6-012f-94ec-58d385a7bc34,,1880-1889,,Portrait of woman in black lace dress,https://images.nypl.org/index.php?id=05schaw&t=w
https://digitalcollections.nypl.org/items/6bdb1562-818b-8f7e-e040-e00a18067399,Schomburg Center for Research in Black Culture,1702768,,409f6160-c6d1-012f-d5b3-58d385a7bc34,,1900-1935,"Mound Bayou, Mississippi",Telephone operator,https://images.nypl.org/index.php?id=1702768&t=w
https://digitalcollections.nypl.org/items/1292ebb0-3bc8-0134-6c19-00505686a51c,Schomburg Center for Research in Black Culture,56806342,,fc0cadc0-3b16-0134-2fe3-00505686a51c,,1935-1943,,Portrait of woman in floral costume,https://images.nypl.org/index.php?id=56806342&t=w
https://digitalcollections.nypl.org/items/510d47df-f9c8-a3d9-e040-e00a18064a99,Schomburg Center for Research in Black Culture,1260279,,ae87ea20-c645-012f-8c54-58d385a7bc34,,1948,"Tokyo, Japan",Woman poses with Japanese doll in Tokyo,https://images.nypl.org/index.php?id=1260279&t=w
https://digitalcollections.nypl.org/items/510d47e1-cdce-a3d9-e040-e00a18064a99,Schomburg Center for Research in Black Culture,59SCCDV,,c7021a60-c6ca-012f-cd71-58d385a7bc34,"Morse, George Daniels",1880-1889,"San Francisco, California",Portrait of a woman wearing glasses and cross earrings,https://images.nypl.org/index.php?id=59SCCDV&t=w
https://digitalcollections.nypl.org/items/510d47df-1f56-a3d9-e040-e00a18064a99,Schomburg Center for Research in Black Culture,1216626,,f9722f20-c6da-012f-6c1e-3c075448cc4b,,1916,"Philadelphia, Pensylvania",Portrait of a girl with long hair in a white blouse,https://images.nypl.org/index.php?id=1216626&t=w
https://digitalcollections.nypl.org/items/510d47e1-cdc3-a3d9-e040-e00a18064a99,Schomburg Center for Research in Black Culture,49SCCDV,,c30fbab0-c6ca-012f-305c-58d385a7bc34,"Bill, C.K.",1860,,Portrait of a woman holding a bonnet,https://images.nypl.org/index.php?id=49SCCDV&t=w
https://digitalcollections.nypl.org/items/510d47e1-fd15-a3d9-e040-e00a18064a99,Schomburg Center for Research in Black Culture,03SCCAB,,071b57b0-c6e0-012f-a107-58d385a7bc34,,1875,,Portrait of a woman wearing a hat and bustle,https://images.nypl.org/index.php?id=03SCCAB&t=w
https://digitalcollections.nypl.org/items/510d47e1-fd21-a3d9-e040-e00a18064a99,Schomburg Center for Research in Black Culture,16SCCAB,,0ce634c0-c6e0-012f-54b5-58d385a7bc34,"Benjamin, O.C.",1880,New Jersey,Portrait of a woman wearing a velvet coat,https://images.nypl.org/index.php?id=16SCCAB&t=w
https://digitalcollections.nypl.org/items/510d47e1-fd2c-a3d9-e040-e00a18064a99,Schomburg Center for Research in Black Culture,28SCCAB,,12bafc10-c6e0-012f-15a5-58d385a7bc34,Stanton & Burdick,1880,"Los Angeles, California",Portrait of a young woman,https://images.nypl.org/index.php?id=28SCCAB&t=w
https://digitalcollections.nypl.org/items/510d47e1-fd20-a3d9-e040-e00a18064a99,Schomburg Center for Research in Black Culture,15SCCAB,,0c738550-c6e0-012f-192e-58d385a7bc34,Columbian Galleries,1890,"New York, New York",Portrait of woman wearing lace bodice,https://images.nypl.org/index.php?id=15SCCAB&t=w
https://digitalcollections.nypl.org/items/510d47df-1f5a-a3d9-e040-e00a18064a99,Schomburg Center for Research in Black Culture,1216630,,05b81060-c6db-012f-61f5-3c075448cc4b,,1916,"Philadelphia, Pensylvania",Portrait of a woman in a striped dress,https://images.nypl.org/index.php?id=1216630&t=w
https://digitalcollections.nypl.org/items/510d47df-9dcf-a3d9-e040-e00a18064a99,Schomburg Center for Research in Black Culture,1231552,,7d97fa10-c6b4-012f-f6f8-58d385a7bc34,,1914,Washington D.C.,Portrait of woman in white blouse with flowers in her hair,https://images.nypl.org/index.php?id=1231552&t=w
https://digitalcollections.nypl.org/items/510d47df-1f59-a3d9-e040-e00a18064a99,Schomburg Center for Research in Black Culture,1216629,,02aceb30-c6db-012f-1416-3c075448cc4b,,1916,"Philadelphia, Pensylvania",Portrait of a woman in a lace dress with large beaded necklace,https://images.nypl.org/index.php?id=1216629&t=w
https://digitalcollections.nypl.org/items/510d47df-1f58-a3d9-e040-e00a18064a99,Schomburg Center for Research in Black Culture,1216628,,ff795420-c6da-012f-42fe-3c075448cc4b,,1916,"Philadelphia, Pensylvania",Portrait of a woman in a dotted dress with large ribbon in her hair,https://images.nypl.org/index.php?id=1216628&t=w
https://digitalcollections.nypl.org/items/510d47df-1f57-a3d9-e040-e00a18064a99,Schomburg Center for Research in Black Culture,1216627,,fc5b6230-c6da-012f-732c-3c075448cc4b,,1916,"Philadelphia, Pensylvania",Portrait of a woman in a lace trimmed blouse,https://images.nypl.org/index.php?id=1216627&t=w
https://digitalcollections.nypl.org/items/510d47e1-cdc4-a3d9-e040-e00a18064a99,Schomburg Center for Research in Black Culture,50SCCDV,,c36352f0-c6ca-012f-be63-58d385a7bc34,Coss & Leach,1860-1869,"Baltimore, Maryland",Portrait of woman wearing patterned dress,https://images.nypl.org/index.php?id=50SCCDV&t=w
https://digitalcollections.nypl.org/items/510d47df-1f55-a3d9-e040-e00a18064a99,Schomburg Center for Research in Black Culture,1216625,,f6801e90-c6da-012f-b27b-3c075448cc4b,,1916,"Philadelphia, Pensylvania","Portrait of woman with earring, wearing a white blouse",https://images.nypl.org/index.php?id=1216625&t=w
https://digitalcollections.nypl.org/items/510d47e1-cdc9-a3d9-e040-e00a18064a99,Schomburg Center for Research in Black Culture,54SCCDV,,c50e9bc0-c6ca-012f-0fb3-58d385a7bc34,"Bogardus, A.",1860-1869,"New York, New York",Portrait of a woman next to a tasseled curtain,https://images.nypl.org/index.php?id=54SCCDV&t=w
https://digitalcollections.nypl.org/items/510d47e1-cdea-a3d9-e040-e00a18064a99,Schomburg Center for Research in Black Culture,46SCCDV,,c1d0bf70-c6ca-012f-d041-58d385a7bc34,Sims' Photograph Gallery,1860-1869,"Camden, New Jersey",Portrait of a woman holding a handkerchief,https://images.nypl.org/index.php?id=46SCCDV&t=w
https://digitalcollections.nypl.org/items/510d47e1-cdbf-a3d9-e040-e00a18064a99,Schomburg Center for Research in Black Culture,69SCCDV,,cb759000-c6ca-012f-e6f0-58d385a7bc34,"Hennigar, George W.",1870-1879,"Middletown, Connecticut",Portrait of a woman born in 1791 wearing a shawl,https://images.nypl.org/index.php?id=69SCCDV&t=w
https://digitalcollections.nypl.org/items/510d47e1-cdc1-a3d9-e040-e00a18064a99,Schomburg Center for Research in Black Culture,71SCCDV,,cc40d870-c6ca-012f-7e86-58d385a7bc34,,1870-1879,,Portrait of a woman with a rouched jacket,https://images.nypl.org/index.php?id=71SCCDV&t=w
https://digitalcollections.nypl.org/items/510d47e1-cdc8-a3d9-e040-e00a18064a99,Schomburg Center for Research in Black Culture,73SCCDV,,cd375800-c6ca-012f-26fc-58d385a7bc34,"Rice, M.P.",1870-1879,Washington D.C.,Portrait of a woman wearing a lace bodice,https://images.nypl.org/index.php?id=73SCCDV&t=w
https://digitalcollections.nypl.org/items/510d47e1-cdc5-a3d9-e040-e00a18064a99,Schomburg Center for Research in Black Culture,51SCCDV,,c3d8dc10-c6ca-012f-aeff-58d385a7bc34,"Durgan, J.O.",1880-1889,"Norwich, Connecticut",Portrait of a woman wearing a large scarf,https://images.nypl.org/index.php?id=51SCCDV&t=w
https://digitalcollections.nypl.org/items/510d47e1-cdec-a3d9-e040-e00a18064a99,Schomburg Center for Research in Black Culture,48SCCDV,,c29dcc90-c6ca-012f-36cb-58d385a7bc34,"Gates, Thomas",1880-1889,"New York, New York",Portrait of a woman wearing a hat,https://images.nypl.org/index.php?id=48SCCDV&t=w
https://digitalcollections.nypl.org/items/510d47df-a0f2-a3d9-e040-e00a18064a99,Schomburg Center for Research in Black Culture,1232152,,888bf3f0-c6f5-012f-1b84-58d385a7bc34,,1900,"Greenville, South Carolina",Portrait of student of Industrial School in South Carolina,https://images.nypl.org/index.php?id=1232152&t=w
https://digitalcollections.nypl.org/items/6a412f90-0bd1-0134-3942-00505686a51c,Schomburg Center for Research in Black Culture,56805729,,0f680030-0bd1-0134-7981-00505686a51c,,1938,,Three women pose in costume,https://images.nypl.org/index.php?id=56805729&t=w
https://digitalcollections.nypl.org/items/6b6df820-0bd1-0134-c00f-00505686a51c,Schomburg Center for Research in Black Culture,56805731,,3b294dc0-0bd1-0134-5af7-00505686a51c,,,,Chorus dancers pose for portrait on stage,https://images.nypl.org/index.php?id=56805731&t=w
https://digitalcollections.nypl.org/items/510d47e2-08ba-a3d9-e040-e00a18064a99,Schomburg Center for Research in Black Culture,35SCJA,,81d2f9f0-c6cd-012f-c9c6-58d385a7bc34,,1914,"Syracuse, New York",Portrait of women's war relief club,https://images.nypl.org/index.php?id=35SCJA&t=w
https://digitalcollections.nypl.org/items/510d47e2-fce1-a3d9-e040-e00a18064a99,Schomburg Center for Research in Black Culture,09schaj,,d6ecc580-c634-012f-d5be-58d385a7bc34,,1900-1919,,Two women pretend to drive cutout automobile,https://images.nypl.org/index.php?id=09schaj&t=w
https://digitalcollections.nypl.org/items/82ce05c0-61eb-0132-17e2-58d385a7bbd0,Schomburg Center for Research in Black Culture,5192959,,c4d75af0-5c98-0132-a65c-58d385a7b928,"Hansen, Austin",1940-1949,"Harlem, New York","Congregation of Abyssinian Baptist Church, Harlem",https://images.nypl.org/index.php?id=5192959&t=w
https://digitalcollections.nypl.org/items/db5d1860-61eb-0132-17b4-58d385a7bbd0,Schomburg Center for Research in Black Culture,5192961,,a1bf7710-5c9e-0132-5654-58d385a7bbd0,"Hansen, Austin",1950-1959,"Harlem, New York","Congregation of Abyssinian Baptist Church, Harlem",https://images.nypl.org/index.php?id=5192961&t=w
https://digitalcollections.nypl.org/items/510d47de-02f2-a3d9-e040-e00a18064a99,Schomburg Center for Research in Black Culture,1160078,,881dba70-c6f5-012f-7306-58d385a7bc34,,1902,"Greenville, South Carolina",Portrait of dressing making students in South Carolina,https://images.nypl.org/index.php?id=1160078&t=w
https://digitalcollections.nypl.org/items/510d47e1-cde6-a3d9-e040-e00a18064a99,Schomburg Center for Research in Black Culture,42SCCDV,,bfdb90e0-c6ca-012f-4327-58d385a7bc34,H.D. Garnes & Co.,1860-1869,"Philadelphia, Pensylvania",Portrait of two girls,https://images.nypl.org/index.php?id=42SCCDV&t=w
https://digitalcollections.nypl.org/items/63d86849-25b8-d19b-e040-e00a18066120,Schomburg Center for Research in Black Culture,1694531,,7e9f1900-c5f2-012f-49be-58d385a7bc34,,1890-1899,,Portrait of five women,https://images.nypl.org/index.php?id=1694531&t=w
https://digitalcollections.nypl.org/items/510d47df-f8da-a3d9-e040-e00a18064a99,Schomburg Center for Research in Black Culture,1260037,,cd7e8a90-c612-012f-eb36-58d385a7bc34,"Wolcott, Marion Post",1940,"King & Anderson Plantation, Clarksdale, Mississippi",Elderly woman stands on porch,https://images.nypl.org/index.php?id=1260037&t=w
https://digitalcollections.nypl.org/items/510d47df-f975-a3d9-e040-e00a18064a99,Schomburg Center for Research in Black Culture,1260196,,bc350db0-c612-012f-2d1d-58d385a7bc34,"Wolcott, Marion Post",1940,"Thomastown, Louisiana",Woman gardening outside her Louisiana home,https://images.nypl.org/index.php?id=1260196&t=w
https://digitalcollections.nypl.org/items/510d47df-f8d7-a3d9-e040-e00a18064a99,Schomburg Center for Research in Black Culture,1260036,,ccf7e050-c612-012f-104d-58d385a7bc34,"Wolcott, Marion Post",1939,"Delta Pine Company, Scott, Mississippi","Woman walking past clinic in Scott, Mississippi",https://images.nypl.org/index.php?id=1260036&t=w
https://digitalcollections.nypl.org/items/510d47e3-d86c-a3d9-e040-e00a18064a99,Schomburg Center for Research in Black Culture,1615149,,4e583df0-c6ed-012f-8e1d-3c075448cc4b,"Lange, Dorothea",1939,Alabama,Former slave outside dilapidated house,https://images.nypl.org/index.php?id=1615149&t=w
https://digitalcollections.nypl.org/items/510d47df-f909-a3d9-e040-e00a18064a99,Schomburg Center for Research in Black Culture,1260092,,9ffe6860-c612-012f-f15f-58d385a7bc34,"Wolcott, Marion Post",1939,"River Farm, Georgia",Woman and children gardening,https://images.nypl.org/index.php?id=1260092&t=w
https://digitalcollections.nypl.org/items/510d47df-f912-a3d9-e040-e00a18064a99,Schomburg Center for Research in Black Culture,1260101,,be1ef050-c612-012f-4df8-58d385a7bc34,"Collier, John",,"St. Mary's County, Maryland",Three women talk while supervising chickens,https://images.nypl.org/index.php?id=1260101&t=w
https://digitalcollections.nypl.org/items/510d47df-f8d6-a3d9-e040-e00a18064a99,Schomburg Center for Research in Black Culture,1260025,,c7368bd0-c612-012f-d278-58d385a7bc34,"Rothstein, Arthur",1935,"Tupelo, Mississippi",Tenant farmer holds her child,https://images.nypl.org/index.php?id=1260025&t=w
https://digitalcollections.nypl.org/items/510d47df-f8c3-a3d9-e040-e00a18064a99,Schomburg Center for Research in Black Culture,1260031,,caa2e390-c612-012f-1671-58d385a7bc34,"Wolcott, Marion Post",1940,"Hopson Plantation, Clarksdale, Mississippi",Women walking next to cotton fields in Mississippi,https://images.nypl.org/index.php?id=1260031&t=w
https://digitalcollections.nypl.org/items/510d47df-fa11-a3d9-e040-e00a18064a99,Schomburg Center for Research in Black Culture,1260348,,933a8b50-c645-012f-b18a-58d385a7bc34,,1943,"Des Moines, Iowa",Women's Army Corp and Auxilary infantry drills,https://images.nypl.org/index.php?id=1260348&t=w
https://digitalcollections.nypl.org/items/510d47df-fa12-a3d9-e040-e00a18064a99,Schomburg Center for Research in Black Culture,1260349,,93913a90-c645-012f-68e4-58d385a7bc34,,1943,"Des Moines, Iowa",Women's Army Corp and Auxilary gas mask drills,https://images.nypl.org/index.php?id=1260349&t=w
https://digitalcollections.nypl.org/items/510d47df-fa17-a3d9-e040-e00a18064a99,Schomburg Center for Research in Black Culture,1260353,,9568c630-c645-012f-2b09-58d385a7bc34,,1939-1945,England,Army Nurses stand at atttention for inspection,https://images.nypl.org/index.php?id=1260353&t=w
https://digitalcollections.nypl.org/items/510d47df-f967-a3d9-e040-e00a18064a99,Schomburg Center for Research in Black Culture,1260180,,e981a9e0-c612-012f-d686-58d385a7bc34,"Lee, Russell",1939,"McIntosh County, Oklahoma",Members of congregation sit outside church,https://images.nypl.org/index.php?id=1260180&t=w
https://digitalcollections.nypl.org/items/510d47de-816c-a3d9-e040-e00a18064a99,Schomburg Center for Research in Black Culture,1211907,,c5164790-c612-012f-9dd4-58d385a7bc34,"Lange, Dorothea",1937,"Clarksdale, Mississippi",Young cotton hoer poses,https://images.nypl.org/index.php?id=1211907&t=w
https://digitalcollections.nypl.org/items/510d47df-f8d3-a3d9-e040-e00a18064a99,Schomburg Center for Research in Black Culture,1260054,,d7d11520-c612-012f-c7fb-58d385a7bc34,"Wolcott, Marion Post",1940,"Natchez, Mississippi",Woman carrying bundle on her head,https://images.nypl.org/index.php?id=1260054&t=w
https://digitalcollections.nypl.org/items/510d47de-7c20-a3d9-e040-e00a18064a99,Schomburg Center for Research in Black Culture,1215877,,3cd72a30-c6cc-012f-9c3e-58d385a7bc34,,1909,,Portrait of elderly woman with wooden leg,https://images.nypl.org/index.php?id=1215877&t=w
https://digitalcollections.nypl.org/items/510d47de-1a14-a3d9-e040-e00a18064a99,Schomburg Center for Research in Black Culture,1168435,,3676f200-c6cc-012f-9d59-58d385a7bc34,,1909,,Portrait of a woman in a cotton field,https://images.nypl.org/index.php?id=1168435&t=w
https://digitalcollections.nypl.org/items/510d47df-a95f-a3d9-e040-e00a18064a99,Schomburg Center for Research in Black Culture,1234612,,4b9c67b0-c62b-012f-f88d-58d385a7bc34,,1926,,Portrait of a woman in overgrown field,https://images.nypl.org/index.php?id=1234612&t=w
https://digitalcollections.nypl.org/items/510d47df-a95e-a3d9-e040-e00a18064a99,Schomburg Center for Research in Black Culture,1234611,,4b4ce8c0-c62b-012f-fb10-58d385a7bc34,,1926,,Portrait of a woman with braided hair,https://images.nypl.org/index.php?id=1234611&t=w
https://digitalcollections.nypl.org/items/510d47e3-d86b-a3d9-e040-e00a18064a99,Schomburg Center for Research in Black Culture,1615148,,4a979490-c6ed-012f-b5c1-3c075448cc4b,"Lange, Dorothea",1939,Alabama,Portrait of former slave in Alabama,https://images.nypl.org/index.php?id=1615148&t=w
https://digitalcollections.nypl.org/items/510d47df-fa16-a3d9-e040-e00a18064a99,Schomburg Center for Research in Black Culture,1260352,,95016b80-c645-012f-d006-58d385a7bc34,,1939-1945,Liberia,Women's Army Auxilary Corp line up for review in Libera,https://images.nypl.org/index.php?id=1260352&t=w
https://digitalcollections.nypl.org/items/510d47e2-fce2-a3d9-e040-e00a18064a99,Schomburg Center for Research in Black Culture,08schaj,,d72abc60-c634-012f-4c27-58d385a7bc34,,1890-1909,,Woman poses on porch with two white children,https://images.nypl.org/index.php?id=08schaj&t=w
https://digitalcollections.nypl.org/items/510d47df-a95c-a3d9-e040-e00a18064a99,Schomburg Center for Research in Black Culture,1234610,,4b123220-c62b-012f-9696-58d385a7bc34,,1926,,Portrait of three elderly women wearing mojo talismans,https://images.nypl.org/index.php?id=1234610&t=w
https://digitalcollections.nypl.org/items/510d47de-8170-a3d9-e040-e00a18064a99,Schomburg Center for Research in Black Culture,1211911,,b64f6860-c612-012f-a528-58d385a7bc34,"Lee, Russell",1939,"Hammond, Louisiana",Woman cooking,https://images.nypl.org/index.php?id=1211911&t=w
https://digitalcollections.nypl.org/items/510d47de-8719-a3d9-e040-e00a18064a99,Schomburg Center for Research in Black Culture,1212132,,b264ad50-c612-012f-b74a-58d385a7bc34,"Lee, Russell",1939,"Transylvania, Louisiana",Woman homeschools her two children,https://images.nypl.org/index.php?id=1212132&t=w
https://digitalcollections.nypl.org/items/510d47df-f8a7-a3d9-e040-e00a18064a99,Schomburg Center for Research in Black Culture,1260007,,8156d3b0-c612-012f-1cac-58d385a7bc34,"Wolcott, Marion Post",1939,"Gee's Bend, Alabama",Elderly woman reads aloud to class,https://images.nypl.org/index.php?id=1260007&t=w
https://digitalcollections.nypl.org/items/510d47df-f8d1-a3d9-e040-e00a18064a99,Schomburg Center for Research in Black Culture,1260053,,d73af060-c612-012f-d18d-58d385a7bc34,"Wolcott, Marion Post",1939,"Milestone, Mississippi",Milestone Plantation school students and teacher,https://images.nypl.org/index.php?id=1260053&t=w
https://digitalcollections.nypl.org/items/510d47df-f8cd-a3d9-e040-e00a18064a99,Schomburg Center for Research in Black Culture,1260049,,d44d72e0-c612-012f-5226-58d385a7bc34,"Wolcott, Marion Post",1940,"Bayou Bourbeaux Plantation, Natchitoches Parish, Louisiana",Girl and baby sitting on a bed,https://images.nypl.org/index.php?id=1260049&t=w
https://digitalcollections.nypl.org/items/510d47df-f973-a3d9-e040-e00a18064a99,Schomburg Center for Research in Black Culture,1260195,,bba57800-c612-012f-909d-58d385a7bc34,"Wolcott, Marion Post",1940,"Thomastown, Louisiana",Women and children playing bingo after La Delta Project meeting,https://images.nypl.org/index.php?id=1260195&t=w
https://digitalcollections.nypl.org/items/510d47df-f8ff-a3d9-e040-e00a18064a99,Schomburg Center for Research in Black Culture,1260078,,fdff69f0-c612-012f-130c-58d385a7bc34,"Delano, Jack",1941,"Caroline County, Virginia",Woman and children preparing to move,https://images.nypl.org/index.php?id=1260078&t=w
https://digitalcollections.nypl.org/items/510d47df-fd14-a3d9-e040-e00a18064a99,Schomburg Center for Research in Black Culture,1261011,,9d5a4ac0-c6b7-012f-27aa-58d385a7bc34,,1898-1955,"Howard's Orphanage, Kings Park, New York",Girls learning how to bake at Howard's Vocational school,https://images.nypl.org/index.php?id=1261011&t=w
https://digitalcollections.nypl.org/items/510d47df-f8e8-a3d9-e040-e00a18064a99,Schomburg Center for Research in Black Culture,1260068,,98492780-c612-012f-c1b4-58d385a7bc34,"Delano, Jack",1941,"Heard County, Georgia","Congregation sitting in pews in Heard County, George",https://images.nypl.org/index.php?id=1260068&t=w
https://digitalcollections.nypl.org/items/510d47df-a083-a3d9-e040-e00a18064a99,Schomburg Center for Research in Black Culture,1232075,,040afdf0-c6bc-012f-30c3-58d385a7bc34,,1908,"Clark County, Mississippi",Portrait of a missionary student at Clark University,https://images.nypl.org/index.php?id=1232075&t=w
https://digitalcollections.nypl.org/items/510d47df-f89f-a3d9-e040-e00a18064a99,Schomburg Center for Research in Black Culture,1260006,,834c4410-c612-012f-6318-58d385a7bc34,"Delano, Jack",1941,"Greensboro, Alabama",Former slave poses in her home,https://images.nypl.org/index.php?id=1260006&t=w
https://digitalcollections.nypl.org/items/510d47e1-cdeb-a3d9-e040-e00a18064a99,Schomburg Center for Research in Black Culture,47SCCDV,,c22ebb50-c6ca-012f-d26c-58d385a7bc34,"Saurman, Thomas M.",1870,"Norristown, Pennsylvania",Portrait of a woman wearing a headwrap,https://images.nypl.org/index.php?id=47SCCDV&t=w
https://digitalcollections.nypl.org/items/510d47e1-cde9-a3d9-e040-e00a18064a99,Schomburg Center for Research in Black Culture,45SCCDV,,c1665da0-c6ca-012f-a4a4-58d385a7bc34,"Insley, H.A.",1880,"Nyack, New York",Portrait of woman wearing gloves and leaning on fence,https://images.nypl.org/index.php?id=45SCCDV&t=w
https://digitalcollections.nypl.org/items/510d47e1-cda9-a3d9-e040-e00a18064a99,Schomburg Center for Research in Black Culture,15SCCDV,,b4beca60-c6ca-012f-0750-58d385a7bc34,Richmond Photograph Co.,1880-1889,"Richmond, Virginia",Portrait of a woman,https://images.nypl.org/index.php?id=15SCCDV&t=w
https://digitalcollections.nypl.org/items/510d47e1-cdca-a3d9-e040-e00a18064a99,Schomburg Center for Research in Black Culture,55SCCDV,,c56a6460-c6ca-012f-0397-58d385a7bc34,"Hunt, A.T.",1880-1889,"Morristown, Tennessee",Portrait of a woman with ribboned neck,https://images.nypl.org/index.php?id=55SCCDV&t=w
https://digitalcollections.nypl.org/items/510d47e1-cdcb-a3d9-e040-e00a18064a99,Schomburg Center for Research in Black Culture,56SCCDV,,c5c96dd0-c6ca-012f-b0c4-58d385a7bc34,"Insley, H.A.",1880-1889,"Nyack, New York",Portrait of a woman in a buttoned bodice,https://images.nypl.org/index.php?id=56SCCDV&t=w
https://digitalcollections.nypl.org/items/510d47e1-cdcf-a3d9-e040-e00a18064a99,Schomburg Center for Research in Black Culture,60SCCDV,,c7643840-c6ca-012f-ba33-58d385a7bc34,,1880-1889,"York, Pennsylvania",Portrait of a woman wearing a chain necklace,https://images.nypl.org/index.php?id=60SCCDV&t=w
https://digitalcollections.nypl.org/items/510d47e1-cdcc-a3d9-e040-e00a18064a99,Schomburg Center for Research in Black Culture,57SCCDV,,c6289100-c6ca-012f-27ce-58d385a7bc34,"Bean, L.V.",1880-1889,"Sioux Falls, South Dakota",Portrait of a woman in velvet,https://images.nypl.org/index.php?id=57SCCDV&t=w
https://digitalcollections.nypl.org/items/510d47e1-cdd6-a3d9-e040-e00a18064a99,Schomburg Center for Research in Black Culture,74SCCDV,,cd974a20-c6ca-012f-8f70-58d385a7bc34,Richmond Photograph Co.,1880-1889,"Richmond, Virginia",Portrait of a woman wearing a lace collar,https://images.nypl.org/index.php?id=74SCCDV&t=w
https://digitalcollections.nypl.org/items/510d47d9-4de5-a3d9-e040-e00a18064a99,"The Miriam and Ira D. Wallach Divison of Art, Prints and Photographs",439931,,3a5ee550-c609-012f-c9a9-58d385a7bc34,"Hine, Lewis Wickes",1907- 1933,"New York, New York",Woman in mob cap sorts chocolates into boxes,https://images.nypl.org/index.php?id=439931&t=w
https://digitalcollections.nypl.org/items/510d47d9-4ddb-a3d9-e040-e00a18064a99,"The Miriam and Ira D. Wallach Divison of Art, Prints and Photographs",439922,,367c9c80-c609-012f-d64b-58d385a7bc34,"Hine, Lewis Wickes",1907- 1933,"New York, New York",Smiling woman wearing white cloth cap,https://images.nypl.org/index.php?id=439922&t=w
https://digitalcollections.nypl.org/items/510d47d9-4dda-a3d9-e040-e00a18064a99,"The Miriam and Ira D. Wallach Divison of Art, Prints and Photographs",439921,,36303590-c609-012f-ba24-58d385a7bc34,"Hine, Lewis Wickes",1907- 1933,"New York, New York",Woman wearing white cap threads knitting reel,https://images.nypl.org/index.php?id=439921&t=w
https://digitalcollections.nypl.org/items/510d47d9-4dd9-a3d9-e040-e00a18064a99,"The Miriam and Ira D. Wallach Divison of Art, Prints and Photographs",439920,,35d48380-c609-012f-8bbc-58d385a7bc34,"Hine, Lewis Wickes",1907-1933,"New York, New York",Woman wearing bandana threads industrial spinner,https://images.nypl.org/index.php?id=439920&t=w
https://digitalcollections.nypl.org/items/510d47d9-4dd8-a3d9-e040-e00a18064a99,"The Miriam and Ira D. Wallach Divison of Art, Prints and Photographs",439919,,35795990-c609-012f-723d-58d385a7bc34,"Hine, Lewis Wickes",1907- 1933,"New York, New York",Portrait of a woman in a spinning factory,https://images.nypl.org/index.php?id=439919&t=w
https://digitalcollections.nypl.org/items/510d47d9-4dd7-a3d9-e040-e00a18064a99,"The Miriam and Ira D. Wallach Divison of Art, Prints and Photographs",439918,,351384f0-c609-012f-f827-58d385a7bc34,"Hine, Lewis Wickes",1907- 1933,"New York, New York",Woman sharpening tools in factory,https://images.nypl.org/index.php?id=439918&t=w
https://digitalcollections.nypl.org/items/510d47d9-4d42-a3d9-e040-e00a18064a99,"The Miriam and Ira D. Wallach Divison of Art, Prints and Photographs",464381,,e1f396e0-c608-012f-52b6-58d385a7bc34,"Hine, Lewis Wickes",1910,New England,Young girl poses in front of spinning machine,https://images.nypl.org/index.php?id=464381&t=w
https://digitalcollections.nypl.org/items/510d47d9-4cc6-a3d9-e040-e00a18064a99,"The Miriam and Ira D. Wallach Divison of Art, Prints and Photographs",464471,,f895d2d0-c608-012f-a9b8-58d385a7bc34,"Hine, Lewis Wickes",1930,"Mount Vernon, New York",15 year old girl bottling hair tonic,https://images.nypl.org/index.php?id=464471&t=w
https://digitalcollections.nypl.org/items/510d47d9-4cc0-a3d9-e040-e00a18064a99,"The Miriam and Ira D. Wallach Divison of Art, Prints and Photographs",464465,,f71f6d30-c608-012f-bf53-58d385a7bc34,"Hine, Lewis Wickes",1913,"New York, New York",14 year old girl working in paper box factory,https://images.nypl.org/index.php?id=464465&t=w
https://digitalcollections.nypl.org/items/87ac1d57-b1e6-9892-e040-e00a180672f0,Jerome Robbins Dance Division,psnypl_dan_1656,,1615a610-c5fe-012f-d8f1-58d385a7bc34,"Melton, Frederick",1937- 1940,"New York, New York",Girls and instructor in ballet class at the NYC School of Ballet,https://images.nypl.org/index.php?id=psnypl_dan_1656&t=w
https://digitalcollections.nypl.org/items/42a98400-fd5d-0135-4b24-4b2548c1d655,Billy Rose Theatre Division,57460725,,4200bde0-fd5d-0135-f51d-391ea79cf2a1,"White Studios, New York",1922- 1923,"New York, New York",Women dressed as gypsies pose for production of Chauve-Souris,https://images.nypl.org/index.php?id=57460725&t=w
https://digitalcollections.nypl.org/items/e88da080-e37d-0135-e39c-006b9fdee980,Billy Rose Theatre Division,57486035,,e7c3f930-e37d-0135-a59e-371047bafc62,"Keystone Pictures, New York",1943,"New York, New York",Original cast members of 'Oklahoma!' dance backstage,https://images.nypl.org/index.php?id=57486035&t=w
https://digitalcollections.nypl.org/items/510d47d9-4de9-a3d9-e040-e00a18064a99,"The Miriam and Ira D. Wallach Divison of Art, Prints and Photographs",439935,,3be28570-c609-012f-33b7-58d385a7bc34,"Hine, Lewis Wickes",1907- 1933,,Young girl picking herbs in a field,https://images.nypl.org/index.php?id=439935&t=w
https://digitalcollections.nypl.org/items/4b75e430-88d8-0134-9e9f-00505686a51c,Billy Rose Theatre Division,56930409,,4ad60050-88d8-0134-283d-00505686a51c,,1958,"New York, New York",'West Side Story' actresses celebrate backstage,https://images.nypl.org/index.php?id=56930409&t=w
https://digitalcollections.nypl.org/items/510d47e2-fcdf-a3d9-e040-e00a18064a99,Schomburg Center for Research in Black Culture,11schaj,,d663f1c0-c634-012f-a1c0-58d385a7bc34,,,,Portrait of a seated older woman in a striped dress,https://images.nypl.org/index.php?id=11schaj&t=w
https://digitalcollections.nypl.org/items/510d47d9-4df2-a3d9-e040-e00a18064a99,"The Miriam and Ira D. Wallach Divison of Art, Prints and Photographs",439938,,34b51960-c609-012f-4cf6-58d385a7bc34,"Hine, Lewis Wickes",1907- 1933,"New York, New York",Woman operating a metal press,https://images.nypl.org/index.php?id=439938&t=w
https://digitalcollections.nypl.org/items/510d47d9-4ddf-a3d9-e040-e00a18064a99,"The Miriam and Ira D. Wallach Divison of Art, Prints and Photographs",439926,,382adda0-c609-012f-1253-58d385a7bc34,"Hine, Lewis Wickes",1907- 1933,"New York, New York",Women sewing in workroom,https://images.nypl.org/index.php?id=439926&t=w
https://digitalcollections.nypl.org/items/510d47d9-4dde-a3d9-e040-e00a18064a99,"The Miriam and Ira D. Wallach Divison of Art, Prints and Photographs",439925,,37a9f9b0-c609-012f-06a1-58d385a7bc34,"Hine, Lewis Wickes",1907- 1933,"New York, New York",Woman finishing garment,https://images.nypl.org/index.php?id=439925&t=w
https://digitalcollections.nypl.org/items/510d47d9-4de7-a3d9-e040-e00a18064a99,"The Miriam and Ira D. Wallach Divison of Art, Prints and Photographs",439933,,3b1b3810-c609-012f-a238-58d385a7bc34,"Hine, Lewis Wickes",1907- 1933,"New York, New York",Two women sort chocolates in a factory,https://images.nypl.org/index.php?id=439933&t=w
https://digitalcollections.nypl.org/items/510d47d9-4ddc-a3d9-e040-e00a18064a99,"The Miriam and Ira D. Wallach Divison of Art, Prints and Photographs",439923,,36eb72b0-c609-012f-3ee4-58d385a7bc34,"Hine, Lewis Wickes",1907- 1933,"New York, New York",Woman arrives at her place of work,https://images.nypl.org/index.php?id=439923&t=w
https://digitalcollections.nypl.org/items/510d47e2-fcd6-a3d9-e040-e00a18064a99,Schomburg Center for Research in Black Culture,02schaj,,d37aad60-c634-012f-40ea-58d385a7bc34,,,,Young woman in elaborately beaded costume,https://images.nypl.org/index.php?id=02schaj&t=w
https://digitalcollections.nypl.org/items/510d47d9-4e06-a3d9-e040-e00a18064a99,"The Miriam and Ira D. Wallach Divison of Art, Prints and Photographs",439957,,26a75480-c609-012f-74ba-58d385a7bc34,"Hine, Lewis Wickes",1907- 1933,"New York, New York",Mother with her child delievers home-made flowers,https://images.nypl.org/index.php?id=439957&t=w
https://digitalcollections.nypl.org/items/510d47d9-4e08-a3d9-e040-e00a18064a99,"The Miriam and Ira D. Wallach Divison of Art, Prints and Photographs",439959,,2775c760-c609-012f-3442-58d385a7bc34,"Hine, Lewis Wickes",1907- 1933,Canada,Masked woman fills mortar shells,https://images.nypl.org/index.php?id=439959&t=w
https://digitalcollections.nypl.org/items/510d47d9-4e05-a3d9-e040-e00a18064a99,"The Miriam and Ira D. Wallach Divison of Art, Prints and Photographs",439956,,264c2830-c609-012f-c6e2-58d385a7bc34,"Hine, Lewis Wickes",1907,"New York, New York",Girl delievers home-made flowers on West 3rd Street,https://images.nypl.org/index.php?id=439956&t=w
https://digitalcollections.nypl.org/items/510d47d9-4e04-a3d9-e040-e00a18064a99,"The Miriam and Ira D. Wallach Divison of Art, Prints and Photographs",439955,,25dd0c30-c609-012f-39ad-58d385a7bc34,"Hine, Lewis Wickes",1907- 1933,"New York, New York",Woman with children carries home flower making materials,https://images.nypl.org/index.php?id=439955&t=w
https://digitalcollections.nypl.org/items/510d47d9-4e03-a3d9-e040-e00a18064a99,"The Miriam and Ira D. Wallach Divison of Art, Prints and Photographs",439954,,257bdc70-c609-012f-143e-58d385a7bc34,"Hine, Lewis Wickes",1907- 1933,"New York, New York",Women branch together artificial flowers,https://images.nypl.org/index.php?id=439954&t=w
https://digitalcollections.nypl.org/items/510d47d9-4e00-a3d9-e040-e00a18064a99,"The Miriam and Ira D. Wallach Divison of Art, Prints and Photographs",439952,,244202c0-c609-012f-797d-58d385a7bc34,"Hine, Lewis Wickes",1907- 1933,"New York, New York",Young women working at a table in artificial flower factory,https://images.nypl.org/index.php?id=439952&t=w
https://digitalcollections.nypl.org/items/510d47d9-4dff-a3d9-e040-e00a18064a99,"The Miriam and Ira D. Wallach Divison of Art, Prints and Photographs",439951,,23d16060-c609-012f-bf3f-58d385a7bc34,"Hine, Lewis Wickes",1907- 1933,"New York, New York",Two women working on artificial flowers,https://images.nypl.org/index.php?id=439951&t=w
https://digitalcollections.nypl.org/items/510d47d9-4dfd-a3d9-e040-e00a18064a99,"The Miriam and Ira D. Wallach Divison of Art, Prints and Photographs",439949,,22f79880-c609-012f-2550-58d385a7bc34,"Hine, Lewis Wickes",1907- 1933,"New York, New York",Women pressing petals for artificial flowers,https://images.nypl.org/index.php?id=439949&t=w
https://digitalcollections.nypl.org/items/510d47d9-4dfe-a3d9-e040-e00a18064a99,"The Miriam and Ira D. Wallach Divison of Art, Prints and Photographs",439950,,2372ded0-c609-012f-3602-58d385a7bc34,"Hine, Lewis Wickes",1907- 1933,"New York, New York",Women create foliage for artificial flowers,https://images.nypl.org/index.php?id=439950&t=w
https://digitalcollections.nypl.org/items/510d47d9-4dfc-a3d9-e040-e00a18064a99,"The Miriam and Ira D. Wallach Divison of Art, Prints and Photographs",439948,,22a69ad0-c609-012f-0b1f-58d385a7bc34,"Hine, Lewis Wickes",1907- 1933,"New York, New York",Women assemble artificial flowers,https://images.nypl.org/index.php?id=439948&t=w
https://digitalcollections.nypl.org/items/510d47d9-4dfb-a3d9-e040-e00a18064a99,"The Miriam and Ira D. Wallach Divison of Art, Prints and Photographs",439947,,2238de50-c609-012f-637e-58d385a7bc34,"Hine, Lewis Wickes",1907- 1933,"New York, New York",Two women assemble artificial roses,https://images.nypl.org/index.php?id=439947&t=w
https://digitalcollections.nypl.org/items/510d47d9-4dfa-a3d9-e040-e00a18064a99,"The Miriam and Ira D. Wallach Divison of Art, Prints and Photographs",439946,,21d2a5b0-c609-012f-5daa-58d385a7bc34,"Hine, Lewis Wickes",1907- 1933,"New York, New York",Women assemble artificial roses,https://images.nypl.org/index.php?id=439946&t=w
https://digitalcollections.nypl.org/items/510d47d9-4df9-a3d9-e040-e00a18064a99,"The Miriam and Ira D. Wallach Divison of Art, Prints and Photographs",439945,,21785d70-c609-012f-6346-58d385a7bc34,"Hine, Lewis Wickes",1907- 1933,"New York, New York",Two women assemble artificial roses,https://images.nypl.org/index.php?id=439945&t=w
https://digitalcollections.nypl.org/items/510d47d9-4df7-a3d9-e040-e00a18064a99,"The Miriam and Ira D. Wallach Divison of Art, Prints and Photographs",439943,,20b44b10-c609-012f-6fd9-58d385a7bc34,"Hine, Lewis Wickes",1907- 1933,"New York, New York",Woman uses goffer iron to press artificial flower petals,https://images.nypl.org/index.php?id=439943&t=w
https://digitalcollections.nypl.org/items/510d47d9-4df6-a3d9-e040-e00a18064a99,"The Miriam and Ira D. Wallach Divison of Art, Prints and Photographs",439942,,204d78e0-c609-012f-47c7-58d385a7bc34,"Hine, Lewis Wickes",1907- 1933,"New York, New York",Women prepare artificial rose petals for joining,https://images.nypl.org/index.php?id=439942&t=w
https://digitalcollections.nypl.org/items/510d47d9-4df5-a3d9-e040-e00a18064a99,"The Miriam and Ira D. Wallach Divison of Art, Prints and Photographs",439941,,1ff3cb40-c609-012f-b650-58d385a7bc34,"Hine, Lewis Wickes",1907- 1933,"New York, New York",Women at a table assemble artificial roses,https://images.nypl.org/index.php?id=439941&t=w
https://digitalcollections.nypl.org/items/510d47d9-4deb-a3d9-e040-e00a18064a99,"The Miriam and Ira D. Wallach Divison of Art, Prints and Photographs",439937,,3cb810c0-c609-012f-229e-58d385a7bc34,"Hine, Lewis Wickes",1907- 1933,"New York, New York",Elderly woman punches tickets,https://images.nypl.org/index.php?id=439937&t=w
https://digitalcollections.nypl.org/items/510d47d9-4dea-a3d9-e040-e00a18064a99,"The Miriam and Ira D. Wallach Divison of Art, Prints and Photographs",439936,,3c584b40-c609-012f-1df5-58d385a7bc34,"Hine, Lewis Wickes",1907- 1933,,Girl draws two zebras using charcoal,https://images.nypl.org/index.php?id=439936&t=w
